dteday,time_of_day,cnt
2011-01-01,Afternoon,487
2011-01-01,Evening,175
2011-01-01,Morning,120
2011-01-01,Night,203
2011-01-02,Afternoon,377
2011-01-02,Evening,170
2011-01-02,Morning,154
2011-01-02,Night,100
2011-01-03,Afternoon,347
2011-01-03,Evening,476
2011-01-03,Morning,434
2011-01-03,Night,92
2011-01-04,Afternoon,386
2011-01-04,Evening,560
2011-01-04,Morning,512
2011-01-04,Night,104
2011-01-05,Afternoon,363
2011-01-05,Evening,580
2011-01-05,Morning,537
2011-01-05,Night,120
2011-01-06,Afternoon,369
2011-01-06,Evening,516
2011-01-06,Morning,580
2011-01-06,Night,141
2011-01-07,Afternoon,341
2011-01-07,Evening,456
2011-01-07,Morning,597
2011-01-07,Night,116
2011-01-08,Afternoon,445
2011-01-08,Evening,182
2011-01-08,Morning,174
2011-01-08,Night,158
2011-01-09,Afternoon,404
2011-01-09,Evening,189
2011-01-09,Morning,135
2011-01-09,Night,94
2011-01-10,Afternoon,272
2011-01-10,Evening,502
2011-01-10,Morning,454
2011-01-10,Night,93
2011-01-11,Afternoon,295
2011-01-11,Evening,314
2011-01-11,Morning,568
2011-01-11,Night,86
2011-01-12,Afternoon,265
2011-01-12,Evening,415
2011-01-12,Morning,358
2011-01-12,Night,124
2011-01-13,Afternoon,315
2011-01-13,Evening,469
2011-01-13,Morning,519
2011-01-13,Night,103
2011-01-14,Afternoon,360
2011-01-14,Evening,458
2011-01-14,Morning,467
2011-01-14,Night,136
2011-01-15,Afternoon,565
2011-01-15,Evening,282
2011-01-15,Morning,201
2011-01-15,Night,200
2011-01-16,Afternoon,525
2011-01-16,Evening,290
2011-01-16,Morning,228
2011-01-16,Night,161
2011-01-17,Afternoon,434
2011-01-17,Evening,256
2011-01-17,Morning,220
2011-01-17,Night,90
2011-01-18,Afternoon,149
2011-01-18,Evening,440
2011-01-18,Morning,0
2011-01-18,Night,94
2011-01-19,Afternoon,409
2011-01-19,Evening,546
2011-01-19,Morning,534
2011-01-19,Night,161
2011-01-20,Afternoon,424
2011-01-20,Evening,678
2011-01-20,Morning,659
2011-01-20,Night,166
2011-01-21,Afternoon,375
2011-01-21,Evening,430
2011-01-21,Morning,605
2011-01-21,Night,133
2011-01-22,Afternoon,415
2011-01-22,Evening,225
2011-01-22,Morning,193
2011-01-22,Night,148
2011-01-23,Afternoon,455
2011-01-23,Evening,189
2011-01-23,Morning,210
2011-01-23,Night,132
2011-01-24,Afternoon,295
2011-01-24,Evening,524
2011-01-24,Morning,469
2011-01-24,Night,128
2011-01-25,Afternoon,467
2011-01-25,Evening,712
2011-01-25,Morning,651
2011-01-25,Night,155
2011-01-26,Afternoon,210
2011-01-26,Evening,26
2011-01-26,Morning,238
2011-01-26,Night,32
2011-01-27,Afternoon,24
2011-01-27,Evening,326
2011-01-27,Morning,0
2011-01-27,Night,81
2011-01-28,Afternoon,219
2011-01-28,Evening,409
2011-01-28,Morning,417
2011-01-28,Night,122
2011-01-29,Afternoon,469
2011-01-29,Evening,260
2011-01-29,Morning,194
2011-01-29,Night,175
2011-01-30,Afternoon,535
2011-01-30,Evening,230
2011-01-30,Morning,179
2011-01-30,Night,152
2011-01-31,Afternoon,338
2011-01-31,Evening,506
2011-01-31,Morning,531
2011-01-31,Night,126
2011-02-01,Afternoon,277
2011-02-01,Evening,526
2011-02-01,Morning,426
2011-02-01,Night,131
2011-02-02,Afternoon,381
2011-02-02,Evening,538
2011-02-02,Morning,461
2011-02-02,Night,146
2011-02-03,Afternoon,305
2011-02-03,Evening,527
2011-02-03,Morning,565
2011-02-03,Night,153
2011-02-04,Afternoon,448
2011-02-04,Evening,534
2011-02-04,Morning,584
2011-02-04,Night,142
2011-02-05,Afternoon,310
2011-02-05,Evening,314
2011-02-05,Morning,128
2011-02-05,Night,253
2011-02-06,Afternoon,856
2011-02-06,Evening,246
2011-02-06,Morning,284
2011-02-06,Night,237
2011-02-07,Afternoon,354
2011-02-07,Evening,607
2011-02-07,Morning,585
2011-02-07,Night,166
2011-02-08,Afternoon,313
2011-02-08,Evening,485
2011-02-08,Morning,617
2011-02-08,Night,115
2011-02-09,Afternoon,331
2011-02-09,Evening,508
2011-02-09,Morning,571
2011-02-09,Night,195
2011-02-10,Afternoon,309
2011-02-10,Evening,534
2011-02-10,Morning,511
2011-02-10,Night,184
2011-02-11,Afternoon,464
2011-02-11,Evening,549
2011-02-11,Morning,566
2011-02-11,Night,167
2011-02-12,Afternoon,694
2011-02-12,Evening,282
2011-02-12,Morning,285
2011-02-12,Night,211
2011-02-13,Afternoon,763
2011-02-13,Evening,328
2011-02-13,Morning,284
2011-02-13,Night,214
2011-02-14,Afternoon,544
2011-02-14,Evening,616
2011-02-14,Morning,621
2011-02-14,Night,132
2011-02-15,Afternoon,415
2011-02-15,Evening,664
2011-02-15,Morning,581
2011-02-15,Night,155
2011-02-16,Afternoon,500
2011-02-16,Evening,756
2011-02-16,Morning,635
2011-02-16,Night,224
2011-02-17,Afternoon,557
2011-02-17,Evening,810
2011-02-17,Morning,827
2011-02-17,Night,281
2011-02-18,Afternoon,956
2011-02-18,Evening,837
2011-02-18,Morning,822
2011-02-18,Night,312
2011-02-19,Afternoon,761
2011-02-19,Evening,321
2011-02-19,Morning,360
2011-02-19,Night,193
2011-02-20,Afternoon,907
2011-02-20,Evening,331
2011-02-20,Morning,348
2011-02-20,Night,226
2011-02-21,Afternoon,455
2011-02-21,Evening,224
2011-02-21,Morning,321
2011-02-21,Night,107
2011-02-22,Afternoon,323
2011-02-22,Evening,586
2011-02-22,Morning,361
2011-02-22,Night,180
2011-02-23,Afternoon,398
2011-02-23,Evening,681
2011-02-23,Morning,634
2011-02-23,Night,204
2011-02-24,Afternoon,386
2011-02-24,Evening,518
2011-02-24,Morning,691
2011-02-24,Night,212
2011-02-25,Afternoon,440
2011-02-25,Evening,498
2011-02-25,Morning,347
2011-02-25,Night,176
2011-02-26,Afternoon,881
2011-02-26,Evening,482
2011-02-26,Morning,381
2011-02-26,Night,225
2011-02-27,Afternoon,1263
2011-02-27,Evening,497
2011-02-27,Morning,339
2011-02-27,Night,303
2011-02-28,Afternoon,170
2011-02-28,Evening,335
2011-02-28,Morning,701
2011-02-28,Night,240
2011-03-01,Afternoon,409
2011-03-01,Evening,673
2011-03-01,Morning,617
2011-03-01,Night,152
2011-03-02,Afternoon,552
2011-03-02,Evening,714
2011-03-02,Morning,708
2011-03-02,Night,160
2011-03-03,Afternoon,369
2011-03-03,Evening,545
2011-03-03,Morning,625
2011-03-03,Night,146
2011-03-04,Afternoon,503
2011-03-04,Evening,609
2011-03-04,Morning,652
2011-03-04,Night,180
2011-03-05,Afternoon,964
2011-03-05,Evening,475
2011-03-05,Morning,392
2011-03-05,Night,246
2011-03-06,Afternoon,241
2011-03-06,Evening,70
2011-03-06,Morning,131
2011-03-06,Night,163
2011-03-07,Afternoon,461
2011-03-07,Evening,703
2011-03-07,Morning,589
2011-03-07,Night,119
2011-03-08,Afternoon,489
2011-03-08,Evening,709
2011-03-08,Morning,740
2011-03-08,Night,195
2011-03-09,Afternoon,459
2011-03-09,Evening,607
2011-03-09,Morning,704
2011-03-09,Night,121
2011-03-10,Afternoon,93
2011-03-10,Evening,287
2011-03-10,Morning,148
2011-03-10,Night,95
2011-03-11,Afternoon,505
2011-03-11,Evening,570
2011-03-11,Morning,727
2011-03-11,Night,175
2011-03-12,Afternoon,907
2011-03-12,Evening,556
2011-03-12,Morning,401
2011-03-12,Night,268
2011-03-13,Afternoon,1225
2011-03-13,Evening,566
2011-03-13,Morning,396
2011-03-13,Night,230
2011-03-14,Afternoon,456
2011-03-14,Evening,785
2011-03-14,Morning,660
2011-03-14,Night,145
2011-03-15,Afternoon,491
2011-03-15,Evening,682
2011-03-15,Morning,760
2011-03-15,Night,123
2011-03-16,Afternoon,539
2011-03-16,Evening,779
2011-03-16,Morning,695
2011-03-16,Night,179
2011-03-17,Afternoon,602
2011-03-17,Evening,967
2011-03-17,Morning,852
2011-03-17,Night,323
2011-03-18,Afternoon,921
2011-03-18,Evening,1002
2011-03-18,Morning,935
2011-03-18,Night,381
2011-03-19,Afternoon,1497
2011-03-19,Evening,757
2011-03-19,Morning,485
2011-03-19,Night,378
2011-03-20,Afternoon,1242
2011-03-20,Evening,528
2011-03-20,Morning,481
2011-03-20,Night,220
2011-03-21,Afternoon,542
2011-03-21,Evening,891
2011-03-21,Morning,418
2011-03-21,Night,226
2011-03-22,Afternoon,627
2011-03-22,Evening,918
2011-03-22,Morning,932
2011-03-22,Night,226
2011-03-23,Afternoon,500
2011-03-23,Evening,745
2011-03-23,Morning,761
2011-03-23,Night,115
2011-03-24,Afternoon,452
2011-03-24,Evening,703
2011-03-24,Morning,515
2011-03-24,Night,195
2011-03-25,Afternoon,688
2011-03-25,Evening,639
2011-03-25,Morning,691
2011-03-25,Night,192
2011-03-26,Afternoon,1149
2011-03-26,Evening,579
2011-03-26,Morning,518
2011-03-26,Night,250
2011-03-27,Afternoon,789
2011-03-27,Evening,456
2011-03-27,Morning,271
2011-03-27,Night,177
2011-03-28,Afternoon,446
2011-03-28,Evening,778
2011-03-28,Morning,659
2011-03-28,Night,145
2011-03-29,Afternoon,519
2011-03-29,Evening,915
2011-03-29,Morning,790
2011-03-29,Night,201
2011-03-30,Afternoon,364
2011-03-30,Evening,317
2011-03-30,Morning,762
2011-03-30,Night,93
2011-03-31,Afternoon,384
2011-03-31,Evening,560
2011-03-31,Morning,587
2011-03-31,Night,154
2011-04-01,Afternoon,570
2011-04-01,Evening,735
2011-04-01,Morning,678
2011-04-01,Night,244
2011-04-02,Afternoon,843
2011-04-02,Evening,596
2011-04-02,Morning,529
2011-04-02,Night,284
2011-04-03,Afternoon,1624
2011-04-03,Evening,669
2011-04-03,Morning,733
2011-04-03,Night,223
2011-04-04,Afternoon,751
2011-04-04,Evening,1203
2011-04-04,Morning,921
2011-04-04,Night,240
2011-04-05,Afternoon,368
2011-04-05,Evening,791
2011-04-05,Morning,427
2011-04-05,Night,209
2011-04-06,Afternoon,647
2011-04-06,Evening,1054
2011-04-06,Morning,854
2011-04-06,Night,253
2011-04-07,Afternoon,818
2011-04-07,Evening,1105
2011-04-07,Morning,931
2011-04-07,Night,287
2011-04-08,Afternoon,222
2011-04-08,Evening,326
2011-04-08,Morning,734
2011-04-08,Night,189
2011-04-09,Afternoon,1028
2011-04-09,Evening,657
2011-04-09,Morning,466
2011-04-09,Night,304
2011-04-10,Afternoon,1359
2011-04-10,Evening,699
2011-04-10,Morning,506
2011-04-10,Night,331
2011-04-11,Afternoon,794
2011-04-11,Evening,1285
2011-04-11,Morning,929
2011-04-11,Night,340
2011-04-12,Afternoon,419
2011-04-12,Evening,748
2011-04-12,Morning,632
2011-04-12,Night,235
2011-04-13,Afternoon,485
2011-04-13,Evening,931
2011-04-13,Morning,445
2011-04-13,Night,301
2011-04-14,Afternoon,785
2011-04-14,Evening,1153
2011-04-14,Morning,988
2011-04-14,Night,341
2011-04-15,Afternoon,948
2011-04-15,Evening,921
2011-04-15,Morning,945
2011-04-15,Night,312
2011-04-16,Afternoon,264
2011-04-16,Evening,177
2011-04-16,Morning,162
2011-04-16,Night,192
2011-04-17,Afternoon,1789
2011-04-17,Evening,934
2011-04-17,Morning,687
2011-04-17,Night,334
2011-04-18,Afternoon,878
2011-04-18,Evening,1241
2011-04-18,Morning,936
2011-04-18,Night,374
2011-04-19,Afternoon,658
2011-04-19,Evening,1276
2011-04-19,Morning,931
2011-04-19,Night,339
2011-04-20,Afternoon,870
2011-04-20,Evening,1481
2011-04-20,Morning,1158
2011-04-20,Night,435
2011-04-21,Afternoon,1133
2011-04-21,Evening,1461
2011-04-21,Morning,1079
2011-04-21,Night,516
2011-04-22,Afternoon,293
2011-04-22,Evening,222
2011-04-22,Morning,1028
2011-04-22,Night,140
2011-04-23,Afternoon,1817
2011-04-23,Evening,1225
2011-04-23,Morning,513
2011-04-23,Night,481
2011-04-24,Afternoon,1977
2011-04-24,Evening,900
2011-04-24,Morning,915
2011-04-24,Night,399
2011-04-25,Afternoon,951
2011-04-25,Evening,1639
2011-04-25,Morning,1078
2011-04-25,Night,405
2011-04-26,Afternoon,961
2011-04-26,Evening,1611
2011-04-26,Morning,1306
2011-04-26,Night,522
2011-04-27,Afternoon,827
2011-04-27,Evening,1411
2011-04-27,Morning,1220
2011-04-27,Night,414
2011-04-28,Afternoon,803
2011-04-28,Evening,1658
2011-04-28,Morning,1033
2011-04-28,Night,564
2011-04-29,Afternoon,1330
2011-04-29,Evening,1411
2011-04-29,Morning,1300
2011-04-29,Night,554
2011-04-30,Afternoon,2286
2011-04-30,Evening,1389
2011-04-30,Morning,923
2011-04-30,Night,714
2011-05-01,Afternoon,1331
2011-05-01,Evening,654
2011-05-01,Morning,770
2011-05-01,Night,596
2011-05-02,Afternoon,962
2011-05-02,Evening,1587
2011-05-02,Morning,1072
2011-05-02,Night,780
2011-05-03,Afternoon,994
2011-05-03,Evening,1716
2011-05-03,Morning,1300
2011-05-03,Night,441
2011-05-04,Afternoon,698
2011-05-04,Evening,1293
2011-05-04,Morning,304
2011-05-04,Night,338
2011-05-05,Afternoon,958
2011-05-05,Evening,1672
2011-05-05,Morning,1290
2011-05-05,Night,513
2011-05-06,Afternoon,1316
2011-05-06,Evening,1505
2011-05-06,Morning,1250
2011-05-06,Night,537
2011-05-07,Afternoon,1907
2011-05-07,Evening,1129
2011-05-07,Morning,1038
2011-05-07,Night,640
2011-05-08,Afternoon,1881
2011-05-08,Evening,1032
2011-05-08,Morning,864
2011-05-08,Night,556
2011-05-09,Afternoon,1034
2011-05-09,Evening,1745
2011-05-09,Morning,1145
2011-05-09,Night,438
2011-05-10,Afternoon,1102
2011-05-10,Evening,1886
2011-05-10,Morning,1337
2011-05-10,Night,478
2011-05-11,Afternoon,1064
2011-05-11,Evening,1207
2011-05-11,Morning,1377
2011-05-11,Night,534
2011-05-12,Afternoon,1121
2011-05-12,Evening,1761
2011-05-12,Morning,1397
2011-05-12,Night,585
2011-05-13,Afternoon,1137
2011-05-13,Evening,1311
2011-05-13,Morning,1160
2011-05-13,Night,497
2011-05-14,Afternoon,1332
2011-05-14,Evening,981
2011-05-14,Morning,691
2011-05-14,Night,405
2011-05-15,Afternoon,2159
2011-05-15,Evening,1051
2011-05-15,Morning,825
2011-05-15,Night,518
2011-05-16,Afternoon,1007
2011-05-16,Evening,1233
2011-05-16,Morning,1282
2011-05-16,Night,436
2011-05-17,Afternoon,1009
2011-05-17,Evening,1716
2011-05-17,Morning,1010
2011-05-17,Night,388
2011-05-18,Afternoon,775
2011-05-18,Evening,1598
2011-05-18,Morning,1168
2011-05-18,Night,314
2011-05-19,Afternoon,1021
2011-05-19,Evening,1752
2011-05-19,Morning,1383
2011-05-19,Night,419
2011-05-20,Afternoon,1256
2011-05-20,Evening,1549
2011-05-20,Morning,1559
2011-05-20,Night,553
2011-05-21,Afternoon,2388
2011-05-21,Evening,1437
2011-05-21,Morning,1168
2011-05-21,Night,812
2011-05-22,Afternoon,1776
2011-05-22,Evening,1195
2011-05-22,Morning,1025
2011-05-22,Night,664
2011-05-23,Afternoon,1050
2011-05-23,Evening,1550
2011-05-23,Morning,1220
2011-05-23,Night,454
2011-05-24,Afternoon,978
2011-05-24,Evening,1747
2011-05-24,Morning,1305
2011-05-24,Night,462
2011-05-25,Afternoon,1061
2011-05-25,Evening,1863
2011-05-25,Morning,1495
2011-05-25,Night,559
2011-05-26,Afternoon,1012
2011-05-26,Evening,1672
2011-05-26,Morning,1419
2011-05-26,Night,574
2011-05-27,Afternoon,1466
2011-05-27,Evening,1313
2011-05-27,Morning,1325
2011-05-27,Night,575
2011-05-28,Afternoon,1901
2011-05-28,Evening,1174
2011-05-28,Morning,980
2011-05-28,Night,703
2011-05-29,Afternoon,1908
2011-05-29,Evening,1217
2011-05-29,Morning,869
2011-05-29,Night,794
2011-05-30,Afternoon,1663
2011-05-30,Evening,1015
2011-05-30,Morning,866
2011-05-30,Night,554
2011-05-31,Afternoon,873
2011-05-31,Evening,1448
2011-05-31,Morning,1166
2011-05-31,Night,495
2011-06-01,Afternoon,886
2011-06-01,Evening,1315
2011-06-01,Morning,1321
2011-06-01,Night,452
2011-06-02,Afternoon,1126
2011-06-02,Evening,1813
2011-06-02,Morning,1444
2011-06-02,Night,585
2011-06-03,Afternoon,1308
2011-06-03,Evening,1806
2011-06-03,Morning,1496
2011-06-03,Night,702
2011-06-04,Afternoon,2171
2011-06-04,Evening,1209
2011-06-04,Morning,1158
2011-06-04,Night,804
2011-06-05,Afternoon,1902
2011-06-05,Evening,1389
2011-06-05,Morning,902
2011-06-05,Night,713
2011-06-06,Afternoon,910
2011-06-06,Evening,1878
2011-06-06,Morning,1274
2011-06-06,Night,486
2011-06-07,Afternoon,1016
2011-06-07,Evening,1860
2011-06-07,Morning,1460
2011-06-07,Night,497
2011-06-08,Afternoon,801
2011-06-08,Evening,1629
2011-06-08,Morning,1397
2011-06-08,Night,574
2011-06-09,Afternoon,698
2011-06-09,Evening,1455
2011-06-09,Morning,1264
2011-06-09,Night,498
2011-06-10,Afternoon,1058
2011-06-10,Evening,1536
2011-06-10,Morning,1328
2011-06-10,Night,664
2011-06-11,Afternoon,1882
2011-06-11,Evening,1162
2011-06-11,Morning,1086
2011-06-11,Night,836
2011-06-12,Afternoon,1818
2011-06-12,Evening,937
2011-06-12,Morning,1010
2011-06-12,Night,695
2011-06-13,Afternoon,1134
2011-06-13,Evening,1941
2011-06-13,Morning,1439
2011-06-13,Night,506
2011-06-14,Afternoon,1045
2011-06-14,Evening,1790
2011-06-14,Morning,1456
2011-06-14,Night,600
2011-06-15,Afternoon,1054
2011-06-15,Evening,1991
2011-06-15,Morning,1516
2011-06-15,Night,619
2011-06-16,Afternoon,963
2011-06-16,Evening,1125
2011-06-16,Morning,1245
2011-06-16,Night,434
2011-06-17,Afternoon,1260
2011-06-17,Evening,1562
2011-06-17,Morning,1389
2011-06-17,Night,633
2011-06-18,Afternoon,1916
2011-06-18,Evening,1344
2011-06-18,Morning,1088
2011-06-18,Night,771
2011-06-19,Afternoon,1816
2011-06-19,Evening,1236
2011-06-19,Morning,997
2011-06-19,Night,695
2011-06-20,Afternoon,1020
2011-06-20,Evening,1850
2011-06-20,Morning,700
2011-06-20,Night,440
2011-06-21,Afternoon,1053
2011-06-21,Evening,1859
2011-06-21,Morning,1457
2011-06-21,Night,466
2011-06-22,Afternoon,884
2011-06-22,Evening,1666
2011-06-22,Morning,1378
2011-06-22,Night,579
2011-06-23,Afternoon,959
2011-06-23,Evening,1861
2011-06-23,Morning,1373
2011-06-23,Night,597
2011-06-24,Afternoon,1194
2011-06-24,Evening,1682
2011-06-24,Morning,1424
2011-06-24,Night,691
2011-06-25,Afternoon,1948
2011-06-25,Evening,1350
2011-06-25,Morning,1016
2011-06-25,Night,888
2011-06-26,Afternoon,2186
2011-06-26,Evening,1333
2011-06-26,Morning,1074
2011-06-26,Night,712
2011-06-27,Afternoon,969
2011-06-27,Evening,1896
2011-06-27,Morning,1311
2011-06-27,Night,532
2011-06-28,Afternoon,978
2011-06-28,Evening,1678
2011-06-28,Morning,1518
2011-06-28,Night,474
2011-06-29,Afternoon,1179
2011-06-29,Evening,1892
2011-06-29,Morning,1531
2011-06-29,Night,623
2011-06-30,Afternoon,1191
2011-06-30,Evening,1975
2011-06-30,Morning,1584
2011-06-30,Night,765
2011-07-01,Afternoon,1666
2011-07-01,Evening,1470
2011-07-01,Morning,1517
2011-07-01,Night,709
2011-07-02,Afternoon,1899
2011-07-02,Evening,1321
2011-07-02,Morning,1030
2011-07-02,Night,869
2011-07-03,Afternoon,1990
2011-07-03,Evening,898
2011-07-03,Morning,956
2011-07-03,Night,805
2011-07-04,Afternoon,2138
2011-07-04,Evening,1615
2011-07-04,Morning,1009
2011-07-04,Night,1281
2011-07-05,Afternoon,1025
2011-07-05,Evening,1693
2011-07-05,Morning,1354
2011-07-05,Night,593
2011-07-06,Afternoon,915
2011-07-06,Evening,1865
2011-07-06,Morning,1255
2011-07-06,Night,594
2011-07-07,Afternoon,917
2011-07-07,Evening,1781
2011-07-07,Morning,1307
2011-07-07,Night,587
2011-07-08,Afternoon,931
2011-07-08,Evening,1003
2011-07-08,Morning,1462
2011-07-08,Night,644
2011-07-09,Afternoon,1973
2011-07-09,Evening,1399
2011-07-09,Morning,1107
2011-07-09,Night,857
2011-07-10,Afternoon,1826
2011-07-10,Evening,1297
2011-07-10,Morning,923
2011-07-10,Night,835
2011-07-11,Afternoon,808
2011-07-11,Evening,1595
2011-07-11,Morning,1337
2011-07-11,Night,346
2011-07-12,Afternoon,773
2011-07-12,Evening,1584
2011-07-12,Morning,1311
2011-07-12,Night,590
2011-07-13,Afternoon,635
2011-07-13,Evening,1712
2011-07-13,Morning,1373
2011-07-13,Night,622
2011-07-14,Afternoon,1032
2011-07-14,Evening,1921
2011-07-14,Morning,1477
2011-07-14,Night,654
2011-07-15,Afternoon,1348
2011-07-15,Evening,1820
2011-07-15,Morning,1564
2011-07-15,Night,806
2011-07-16,Afternoon,2246
2011-07-16,Evening,1605
2011-07-16,Morning,1166
2011-07-16,Night,906
2011-07-17,Afternoon,1963
2011-07-17,Evening,1400
2011-07-17,Morning,1080
2011-07-17,Night,859
2011-07-18,Afternoon,884
2011-07-18,Evening,1824
2011-07-18,Morning,1220
2011-07-18,Night,530
2011-07-19,Afternoon,912
2011-07-19,Evening,1708
2011-07-19,Morning,1347
2011-07-19,Night,574
2011-07-20,Afternoon,768
2011-07-20,Evening,1643
2011-07-20,Morning,1341
2011-07-20,Night,580
2011-07-21,Afternoon,727
2011-07-21,Evening,1317
2011-07-21,Morning,1174
2011-07-21,Night,566
2011-07-22,Afternoon,654
2011-07-22,Evening,1052
2011-07-22,Morning,1121
2011-07-22,Night,560
2011-07-23,Afternoon,1152
2011-07-23,Evening,755
2011-07-23,Morning,732
2011-07-23,Night,646
2011-07-24,Afternoon,1268
2011-07-24,Evening,927
2011-07-24,Morning,792
2011-07-24,Night,619
2011-07-25,Afternoon,545
2011-07-25,Evening,1706
2011-07-25,Morning,1121
2011-07-25,Night,468
2011-07-26,Afternoon,893
2011-07-26,Evening,1771
2011-07-26,Morning,1355
2011-07-26,Night,571
2011-07-27,Afternoon,884
2011-07-27,Evening,1782
2011-07-27,Morning,1387
2011-07-27,Night,603
2011-07-28,Afternoon,878
2011-07-28,Evening,1543
2011-07-28,Morning,1384
2011-07-28,Night,585
2011-07-29,Afternoon,841
2011-07-29,Evening,1230
2011-07-29,Morning,1201
2011-07-29,Night,574
2011-07-30,Afternoon,1558
2011-07-30,Evening,1063
2011-07-30,Morning,945
2011-07-30,Night,909
2011-07-31,Afternoon,1557
2011-07-31,Evening,1173
2011-07-31,Morning,920
2011-07-31,Night,652
2011-08-01,Afternoon,801
2011-08-01,Evening,1775
2011-08-01,Morning,1172
2011-08-01,Night,518
2011-08-02,Afternoon,961
2011-08-02,Evening,1854
2011-08-02,Morning,1389
2011-08-02,Night,641
2011-08-03,Afternoon,720
2011-08-03,Evening,1325
2011-08-03,Morning,1227
2011-08-03,Night,302
2011-08-04,Afternoon,1032
2011-08-04,Evening,1730
2011-08-04,Morning,1246
2011-08-04,Night,568
2011-08-05,Afternoon,1205
2011-08-05,Evening,1679
2011-08-05,Morning,1377
2011-08-05,Night,605
2011-08-06,Afternoon,1908
2011-08-06,Evening,668
2011-08-06,Morning,1071
2011-08-06,Night,647
2011-08-07,Afternoon,1535
2011-08-07,Evening,834
2011-08-07,Morning,865
2011-08-07,Night,551
2011-08-08,Afternoon,891
2011-08-08,Evening,1758
2011-08-08,Morning,1212
2011-08-08,Night,465
2011-08-09,Afternoon,957
2011-08-09,Evening,1780
2011-08-09,Morning,1334
2011-08-09,Night,531
2011-08-10,Afternoon,1085
2011-08-10,Evening,1868
2011-08-10,Morning,1297
2011-08-10,Night,530
2011-08-11,Afternoon,1049
2011-08-11,Evening,1812
2011-08-11,Morning,1344
2011-08-11,Night,587
2011-08-12,Afternoon,1244
2011-08-12,Evening,1653
2011-08-12,Morning,1283
2011-08-12,Night,725
2011-08-13,Afternoon,1472
2011-08-13,Evening,981
2011-08-13,Morning,984
2011-08-13,Night,713
2011-08-14,Afternoon,1651
2011-08-14,Evening,1128
2011-08-14,Morning,565
2011-08-14,Night,476
2011-08-15,Afternoon,987
2011-08-15,Evening,1695
2011-08-15,Morning,1236
2011-08-15,Night,420
2011-08-16,Afternoon,998
2011-08-16,Evening,1826
2011-08-16,Morning,1395
2011-08-16,Night,506
2011-08-17,Afternoon,1016
2011-08-17,Evening,1735
2011-08-17,Morning,1383
2011-08-17,Night,560
2011-08-18,Afternoon,961
2011-08-18,Evening,989
2011-08-18,Morning,1356
2011-08-18,Night,499
2011-08-19,Afternoon,1223
2011-08-19,Evening,1175
2011-08-19,Morning,1319
2011-08-19,Night,436
2011-08-20,Afternoon,1925
2011-08-20,Evening,1316
2011-08-20,Morning,1043
2011-08-20,Night,907
2011-08-21,Afternoon,1245
2011-08-21,Evening,1044
2011-08-21,Morning,963
2011-08-21,Night,621
2011-08-22,Afternoon,1156
2011-08-22,Evening,1884
2011-08-22,Morning,1207
2011-08-22,Night,511
2011-08-23,Afternoon,2167
2011-08-23,Evening,1618
2011-08-23,Morning,1557
2011-08-23,Night,553
2011-08-24,Afternoon,1150
2011-08-24,Evening,1962
2011-08-24,Morning,1455
2011-08-24,Night,563
2011-08-25,Afternoon,444
2011-08-25,Evening,1217
2011-08-25,Morning,1380
2011-08-25,Night,501
2011-08-26,Afternoon,1291
2011-08-26,Evening,1411
2011-08-26,Morning,1368
2011-08-26,Night,591
2011-08-27,Afternoon,196
2011-08-27,Evening,16
2011-08-27,Morning,583
2011-08-27,Night,320
2011-08-28,Afternoon,2144
2011-08-28,Evening,1401
2011-08-28,Morning,441
2011-08-28,Night,348
2011-08-29,Afternoon,1109
2011-08-29,Evening,1782
2011-08-29,Morning,1248
2011-08-29,Night,495
2011-08-30,Afternoon,1208
2011-08-30,Evening,1950
2011-08-30,Morning,1527
2011-08-30,Night,519
2011-08-31,Afternoon,1158
2011-08-31,Evening,1908
2011-08-31,Morning,1486
2011-08-31,Night,506
2011-09-01,Afternoon,1128
2011-09-01,Evening,1882
2011-09-01,Morning,1505
2011-09-01,Night,600
2011-09-02,Afternoon,1549
2011-09-02,Evening,1293
2011-09-02,Morning,1363
2011-09-02,Night,522
2011-09-03,Afternoon,1752
2011-09-03,Evening,1224
2011-09-03,Morning,815
2011-09-03,Night,693
2011-09-04,Afternoon,1962
2011-09-04,Evening,1289
2011-09-04,Morning,932
2011-09-04,Night,757
2011-09-05,Afternoon,1636
2011-09-05,Evening,494
2011-09-05,Morning,863
2011-09-05,Night,358
2011-09-06,Afternoon,315
2011-09-06,Evening,1108
2011-09-06,Morning,1009
2011-09-06,Night,278
2011-09-07,Afternoon,260
2011-09-07,Evening,844
2011-09-07,Morning,771
2011-09-07,Night,121
2011-09-08,Afternoon,643
2011-09-08,Evening,322
2011-09-08,Morning,676
2011-09-08,Night,201
2011-09-09,Afternoon,818
2011-09-09,Evening,1474
2011-09-09,Morning,704
2011-09-09,Night,548
2011-09-10,Afternoon,2044
2011-09-10,Evening,1380
2011-09-10,Morning,1070
2011-09-10,Night,851
2011-09-11,Afternoon,1990
2011-09-11,Evening,1278
2011-09-11,Morning,1153
2011-09-11,Night,625
2011-09-12,Afternoon,1046
2011-09-12,Evening,1896
2011-09-12,Morning,1323
2011-09-12,Night,448
2011-09-13,Afternoon,1033
2011-09-13,Evening,1786
2011-09-13,Morning,1431
2011-09-13,Night,513
2011-09-14,Afternoon,967
2011-09-14,Evening,1827
2011-09-14,Morning,1483
2011-09-14,Night,508
2011-09-15,Afternoon,895
2011-09-15,Evening,985
2011-09-15,Morning,1373
2011-09-15,Night,406
2011-09-16,Afternoon,1260
2011-09-16,Evening,1588
2011-09-16,Morning,1362
2011-09-16,Night,550
2011-09-17,Afternoon,1677
2011-09-17,Evening,1120
2011-09-17,Morning,965
2011-09-17,Night,749
2011-09-18,Afternoon,1785
2011-09-18,Evening,1039
2011-09-18,Morning,848
2011-09-18,Night,602
2011-09-19,Afternoon,1004
2011-09-19,Evening,1713
2011-09-19,Morning,1352
2011-09-19,Night,470
2011-09-20,Afternoon,731
2011-09-20,Evening,1593
2011-09-20,Morning,829
2011-09-20,Night,488
2011-09-21,Afternoon,1019
2011-09-21,Evening,1387
2011-09-21,Morning,1461
2011-09-21,Night,485
2011-09-22,Afternoon,1034
2011-09-22,Evening,1819
2011-09-22,Morning,1345
2011-09-22,Night,597
2011-09-23,Afternoon,204
2011-09-23,Evening,760
2011-09-23,Morning,864
2011-09-23,Night,567
2011-09-24,Afternoon,2158
2011-09-24,Evening,1377
2011-09-24,Morning,1044
2011-09-24,Night,844
2011-09-25,Afternoon,1946
2011-09-25,Evening,1339
2011-09-25,Morning,935
2011-09-25,Night,790
2011-09-26,Afternoon,1072
2011-09-26,Evening,1757
2011-09-26,Morning,1343
2011-09-26,Night,458
2011-09-27,Afternoon,928
2011-09-27,Evening,1444
2011-09-27,Morning,1262
2011-09-27,Night,486
2011-09-28,Afternoon,977
2011-09-28,Evening,1589
2011-09-28,Morning,1043
2011-09-28,Night,298
2011-09-29,Afternoon,1091
2011-09-29,Evening,1830
2011-09-29,Morning,1357
2011-09-29,Night,561
2011-09-30,Afternoon,1391
2011-09-30,Evening,1706
2011-09-30,Morning,1499
2011-09-30,Night,606
2011-10-01,Afternoon,881
2011-10-01,Evening,560
2011-10-01,Morning,509
2011-10-01,Night,479
2011-10-02,Afternoon,1264
2011-10-02,Evening,590
2011-10-02,Morning,770
2011-10-02,Night,294
2011-10-03,Afternoon,704
2011-10-03,Evening,1426
2011-10-03,Morning,1116
2011-10-03,Night,324
2011-10-04,Afternoon,1058
2011-10-04,Evening,1715
2011-10-04,Morning,1285
2011-10-04,Night,398
2011-10-05,Afternoon,1087
2011-10-05,Evening,1804
2011-10-05,Morning,1439
2011-10-05,Night,496
2011-10-06,Afternoon,1154
2011-10-06,Evening,1709
2011-10-06,Morning,1378
2011-10-06,Night,524
2011-10-07,Afternoon,1485
2011-10-07,Evening,1519
2011-10-07,Morning,1418
2011-10-07,Night,563
2011-10-08,Afternoon,2343
2011-10-08,Evening,1202
2011-10-08,Morning,1157
2011-10-08,Night,707
2011-10-09,Afternoon,2250
2011-10-09,Evening,1347
2011-10-09,Morning,1160
2011-10-09,Night,754
2011-10-10,Afternoon,1886
2011-10-10,Evening,1493
2011-10-10,Morning,1239
2011-10-10,Night,499
2011-10-11,Afternoon,1027
2011-10-11,Evening,1695
2011-10-11,Morning,1408
2011-10-11,Night,433
2011-10-12,Afternoon,341
2011-10-12,Evening,622
2011-10-12,Morning,1227
2011-10-12,Night,226
2011-10-13,Afternoon,831
2011-10-13,Evening,1133
2011-10-13,Morning,621
2011-10-13,Night,328
2011-10-14,Afternoon,937
2011-10-14,Evening,1348
2011-10-14,Morning,859
2011-10-14,Night,500
2011-10-15,Afternoon,2142
2011-10-15,Evening,1230
2011-10-15,Morning,1112
2011-10-15,Night,733
2011-10-16,Afternoon,2222
2011-10-16,Evening,1144
2011-10-16,Morning,1078
2011-10-16,Night,597
2011-10-17,Afternoon,1086
2011-10-17,Evening,1700
2011-10-17,Morning,1373
2011-10-17,Night,411
2011-10-18,Afternoon,1098
2011-10-18,Evening,1739
2011-10-18,Morning,1446
2011-10-18,Night,465
2011-10-19,Afternoon,654
2011-10-19,Evening,663
2011-10-19,Morning,786
2011-10-19,Night,321
2011-10-20,Afternoon,912
2011-10-20,Evening,1502
2011-10-20,Morning,1344
2011-10-20,Night,437
2011-10-21,Afternoon,1181
2011-10-21,Evening,1358
2011-10-21,Morning,1285
2011-10-21,Night,480
2011-10-22,Afternoon,1716
2011-10-22,Evening,1074
2011-10-22,Morning,884
2011-10-22,Night,634
2011-10-23,Afternoon,2028
2011-10-23,Evening,961
2011-10-23,Morning,889
2011-10-23,Night,503
2011-10-24,Afternoon,1111
2011-10-24,Evening,1466
2011-10-24,Morning,1282
2011-10-24,Night,328
2011-10-25,Afternoon,1117
2011-10-25,Evening,1689
2011-10-25,Morning,1361
2011-10-25,Night,520
2011-10-26,Afternoon,625
2011-10-26,Evening,1445
2011-10-26,Morning,1402
2011-10-26,Night,422
2011-10-27,Afternoon,533
2011-10-27,Evening,963
2011-10-27,Morning,799
2011-10-27,Night,364
2011-10-28,Afternoon,1149
2011-10-28,Evening,1161
2011-10-28,Morning,1206
2011-10-28,Night,231
2011-10-29,Afternoon,172
2011-10-29,Evening,160
2011-10-29,Morning,92
2011-10-29,Night,203
2011-10-30,Afternoon,1569
2011-10-30,Evening,703
2011-10-30,Morning,681
2011-10-30,Night,378
2011-10-31,Afternoon,903
2011-10-31,Evening,1318
2011-10-31,Morning,1147
2011-10-31,Night,301
2011-11-01,Afternoon,977
2011-11-01,Evening,1488
2011-11-01,Morning,1258
2011-11-01,Night,345
2011-11-02,Afternoon,975
2011-11-02,Evening,1496
2011-11-02,Morning,1347
2011-11-02,Night,368
2011-11-03,Afternoon,929
2011-11-03,Evening,1392
2011-11-03,Morning,1215
2011-11-03,Night,438
2011-11-04,Afternoon,1119
2011-11-04,Evening,1236
2011-11-04,Morning,1279
2011-11-04,Night,412
2011-11-05,Afternoon,1791
2011-11-05,Evening,940
2011-11-05,Morning,749
2011-11-05,Night,446
2011-11-06,Afternoon,1633
2011-11-06,Evening,708
2011-11-06,Morning,891
2011-11-06,Night,417
2011-11-07,Afternoon,978
2011-11-07,Evening,1457
2011-11-07,Morning,1271
2011-11-07,Night,329
2011-11-08,Afternoon,1037
2011-11-08,Evening,1420
2011-11-08,Morning,1373
2011-11-08,Night,375
2011-11-09,Afternoon,958
2011-11-09,Evening,1416
2011-11-09,Morning,1358
2011-11-09,Night,377
2011-11-10,Afternoon,462
2011-11-10,Evening,829
2011-11-10,Morning,1281
2011-11-10,Night,361
2011-11-11,Afternoon,1176
2011-11-11,Evening,826
2011-11-11,Morning,1009
2011-11-11,Night,357
2011-11-12,Afternoon,1901
2011-11-12,Evening,791
2011-11-12,Morning,846
2011-11-12,Night,529
2011-11-13,Afternoon,1693
2011-11-13,Evening,717
2011-11-13,Morning,821
2011-11-13,Night,486
2011-11-14,Afternoon,1100
2011-11-14,Evening,1550
2011-11-14,Morning,1379
2011-11-14,Night,457
2011-11-15,Afternoon,938
2011-11-15,Evening,1416
2011-11-15,Morning,1407
2011-11-15,Night,434
2011-11-16,Afternoon,362
2011-11-16,Evening,632
2011-11-16,Morning,616
2011-11-16,Night,207
2011-11-17,Afternoon,666
2011-11-17,Evening,1092
2011-11-17,Morning,996
2011-11-17,Night,299
2011-11-18,Afternoon,883
2011-11-18,Evening,1033
2011-11-18,Morning,1152
2011-11-18,Night,324
2011-11-19,Afternoon,1692
2011-11-19,Evening,785
2011-11-19,Morning,722
2011-11-19,Night,464
2011-11-20,Afternoon,1693
2011-11-20,Evening,618
2011-11-20,Morning,754
2011-11-20,Night,455
2011-11-21,Afternoon,647
2011-11-21,Evening,619
2011-11-21,Morning,1233
2011-11-21,Night,266
2011-11-22,Afternoon,178
2011-11-22,Evening,551
2011-11-22,Morning,626
2011-11-22,Night,252
2011-11-23,Afternoon,927
2011-11-23,Evening,498
2011-11-23,Morning,924
2011-11-23,Night,217
2011-11-24,Afternoon,756
2011-11-24,Evening,170
2011-11-24,Morning,424
2011-11-24,Night,145
2011-11-25,Afternoon,1398
2011-11-25,Evening,566
2011-11-25,Morning,590
2011-11-25,Night,238
2011-11-26,Afternoon,1522
2011-11-26,Evening,656
2011-11-26,Morning,544
2011-11-26,Night,346
2011-11-27,Afternoon,1522
2011-11-27,Evening,602
2011-11-27,Morning,619
2011-11-27,Night,328
2011-11-28,Afternoon,897
2011-11-28,Evening,1366
2011-11-28,Morning,1255
2011-11-28,Night,349
2011-11-29,Afternoon,292
2011-11-29,Evening,1146
2011-11-29,Morning,1151
2011-11-29,Night,325
2011-11-30,Afternoon,760
2011-11-30,Evening,1225
2011-11-30,Morning,1313
2011-11-30,Night,315
2011-12-01,Afternoon,807
2011-12-01,Evening,1241
2011-12-01,Morning,1293
2011-12-01,Night,386
2011-12-02,Afternoon,1056
2011-12-02,Evening,1238
2011-12-02,Morning,1271
2011-12-02,Night,375
2011-12-03,Afternoon,1635
2011-12-03,Evening,758
2011-12-03,Morning,700
2011-12-03,Night,521
2011-12-04,Afternoon,1635
2011-12-04,Evening,713
2011-12-04,Morning,685
2011-12-04,Night,452
2011-12-05,Afternoon,854
2011-12-05,Evening,1358
2011-12-05,Morning,1202
2011-12-05,Night,397
2011-12-06,Afternoon,334
2011-12-06,Evening,909
2011-12-06,Morning,1040
2011-12-06,Night,311
2011-12-07,Afternoon,152
2011-12-07,Evening,162
2011-12-07,Morning,300
2011-12-07,Night,91
2011-12-08,Afternoon,742
2011-12-08,Evening,1056
2011-12-08,Morning,1197
2011-12-08,Night,327
2011-12-09,Afternoon,967
2011-12-09,Evening,1029
2011-12-09,Morning,1193
2011-12-09,Night,431
2011-12-10,Afternoon,1402
2011-12-10,Evening,635
2011-12-10,Morning,678
2011-12-10,Night,475
2011-12-11,Afternoon,1270
2011-12-11,Evening,503
2011-12-11,Morning,617
2011-12-11,Night,353
2011-12-12,Afternoon,768
2011-12-12,Evening,1122
2011-12-12,Morning,1145
2011-12-12,Night,275
2011-12-13,Afternoon,786
2011-12-13,Evening,1208
2011-12-13,Morning,1194
2011-12-13,Night,335
2011-12-14,Afternoon,840
2011-12-14,Evening,1229
2011-12-14,Morning,1323
2011-12-14,Night,348
2011-12-15,Afternoon,666
2011-12-15,Evening,1209
2011-12-15,Morning,1355
2011-12-15,Night,479
2011-12-16,Afternoon,815
2011-12-16,Evening,1026
2011-12-16,Morning,1317
2011-12-16,Night,419
2011-12-17,Afternoon,1167
2011-12-17,Evening,534
2011-12-17,Morning,595
2011-12-17,Night,443
2011-12-18,Afternoon,1116
2011-12-18,Evening,513
2011-12-18,Morning,450
2011-12-18,Night,352
2011-12-19,Afternoon,787
2011-12-19,Evening,1189
2011-12-19,Morning,1095
2011-12-19,Night,332
2011-12-20,Afternoon,886
2011-12-20,Evening,1213
2011-12-20,Morning,1304
2011-12-20,Night,347
2011-12-21,Afternoon,332
2011-12-21,Evening,885
2011-12-21,Morning,1117
2011-12-21,Night,326
2011-12-22,Afternoon,1019
2011-12-22,Evening,819
2011-12-22,Morning,1123
2011-12-22,Night,107
2011-12-23,Afternoon,948
2011-12-23,Evening,361
2011-12-23,Morning,756
2011-12-23,Night,144
2011-12-24,Afternoon,496
2011-12-24,Evening,152
2011-12-24,Morning,234
2011-12-24,Night,129
2011-12-25,Afternoon,408
2011-12-25,Evening,116
2011-12-25,Morning,162
2011-12-25,Night,68
2011-12-26,Afternoon,621
2011-12-26,Evening,293
2011-12-26,Morning,268
2011-12-26,Night,135
2011-12-27,Afternoon,123
2011-12-27,Evening,409
2011-12-27,Morning,481
2011-12-27,Night,149
2011-12-28,Afternoon,703
2011-12-28,Evening,649
2011-12-28,Morning,775
2011-12-28,Night,175
2011-12-29,Afternoon,757
2011-12-29,Evening,678
2011-12-29,Morning,769
2011-12-29,Night,219
2011-12-30,Afternoon,1224
2011-12-30,Evening,627
2011-12-30,Morning,825
2011-12-30,Night,323
2011-12-31,Afternoon,1334
2011-12-31,Evening,385
2011-12-31,Morning,510
2011-12-31,Night,256
2012-01-01,Afternoon,1171
2012-01-01,Evening,405
2012-01-01,Morning,276
2012-01-01,Night,442
2012-01-02,Afternoon,851
2012-01-02,Evening,460
2012-01-02,Morning,439
2012-01-02,Night,201
2012-01-03,Afternoon,439
2012-01-03,Evening,740
2012-01-03,Morning,909
2012-01-03,Night,148
2012-01-04,Afternoon,471
2012-01-04,Evening,877
2012-01-04,Morning,830
2012-01-04,Night,190
2012-01-05,Afternoon,671
2012-01-05,Evening,1237
2012-01-05,Morning,1104
2012-01-05,Night,260
2012-01-06,Afternoon,1089
2012-01-06,Evening,1344
2012-01-06,Morning,1230
2012-01-06,Night,435
2012-01-07,Afternoon,2183
2012-01-07,Evening,1004
2012-01-07,Morning,757
2012-01-07,Night,577
2012-01-08,Afternoon,1666
2012-01-08,Evening,638
2012-01-08,Morning,674
2012-01-08,Night,447
2012-01-09,Afternoon,351
2012-01-09,Evening,638
2012-01-09,Morning,1162
2012-01-09,Night,225
2012-01-10,Afternoon,800
2012-01-10,Evening,1326
2012-01-10,Morning,1174
2012-01-10,Night,298
2012-01-11,Afternoon,390
2012-01-11,Evening,382
2012-01-11,Morning,1272
2012-01-11,Night,133
2012-01-12,Afternoon,952
2012-01-12,Evening,1486
2012-01-12,Morning,1272
2012-01-12,Night,387
2012-01-13,Afternoon,808
2012-01-13,Evening,975
2012-01-13,Morning,1121
2012-01-13,Night,310
2012-01-14,Afternoon,1102
2012-01-14,Evening,492
2012-01-14,Morning,533
2012-01-14,Night,366
2012-01-15,Afternoon,1057
2012-01-15,Evening,471
2012-01-15,Morning,447
2012-01-15,Night,336
2012-01-16,Afternoon,966
2012-01-16,Evening,608
2012-01-16,Morning,531
2012-01-16,Night,193
2012-01-17,Afternoon,669
2012-01-17,Evening,1413
2012-01-17,Morning,494
2012-01-17,Night,359
2012-01-18,Afternoon,702
2012-01-18,Evening,1122
2012-01-18,Morning,1278
2012-01-18,Night,274
2012-01-19,Afternoon,674
2012-01-19,Evening,1171
2012-01-19,Morning,1151
2012-01-19,Night,296
2012-01-20,Afternoon,725
2012-01-20,Evening,984
2012-01-20,Morning,1180
2012-01-20,Night,274
2012-01-21,Afternoon,475
2012-01-21,Evening,368
2012-01-21,Morning,191
2012-01-21,Night,267
2012-01-22,Afternoon,897
2012-01-22,Evening,392
2012-01-22,Morning,377
2012-01-22,Night,311
2012-01-23,Afternoon,356
2012-01-23,Evening,947
2012-01-23,Morning,877
2012-01-23,Night,252
2012-01-24,Afternoon,1037
2012-01-24,Evening,1498
2012-01-24,Morning,1361
2012-01-24,Night,443
2012-01-25,Afternoon,966
2012-01-25,Evening,1460
2012-01-25,Morning,1425
2012-01-25,Night,419
2012-01-26,Afternoon,854
2012-01-26,Evening,1356
2012-01-26,Morning,1378
2012-01-26,Night,487
2012-01-27,Afternoon,1021
2012-01-27,Evening,1215
2012-01-27,Morning,788
2012-01-27,Night,432
2012-01-28,Afternoon,1866
2012-01-28,Evening,857
2012-01-28,Morning,792
2012-01-28,Night,508
2012-01-29,Afternoon,1516
2012-01-29,Evening,672
2012-01-29,Morning,651
2012-01-29,Night,404
2012-01-30,Afternoon,740
2012-01-30,Evening,1335
2012-01-30,Morning,1206
2012-01-30,Night,343
2012-01-31,Afternoon,1036
2012-01-31,Evening,1627
2012-01-31,Morning,1461
2012-01-31,Night,385
2012-02-01,Afternoon,1034
2012-02-01,Evening,1664
2012-02-01,Morning,1365
2012-02-01,Night,516
2012-02-02,Afternoon,829
2012-02-02,Evening,1400
2012-02-02,Morning,1154
2012-02-02,Night,378
2012-02-03,Afternoon,1111
2012-02-03,Evening,1303
2012-02-03,Morning,1335
2012-02-03,Night,402
2012-02-04,Afternoon,1326
2012-02-04,Evening,288
2012-02-04,Morning,778
2012-02-04,Night,440
2012-02-05,Afternoon,1333
2012-02-05,Evening,606
2012-02-05,Morning,508
2012-02-05,Night,500
2012-02-06,Afternoon,830
2012-02-06,Evening,1359
2012-02-06,Morning,1276
2012-02-06,Night,319
2012-02-07,Afternoon,916
2012-02-07,Evening,1577
2012-02-07,Morning,1477
2012-02-07,Night,405
2012-02-08,Afternoon,501
2012-02-08,Evening,608
2012-02-08,Morning,1370
2012-02-08,Night,323
2012-02-09,Afternoon,828
2012-02-09,Evening,1310
2012-02-09,Morning,1279
2012-02-09,Night,413
2012-02-10,Afternoon,973
2012-02-10,Evening,1168
2012-02-10,Morning,1311
2012-02-10,Night,379
2012-02-11,Afternoon,969
2012-02-11,Evening,402
2012-02-11,Morning,547
2012-02-11,Night,251
2012-02-12,Afternoon,708
2012-02-12,Evening,320
2012-02-12,Morning,327
2012-02-12,Night,174
2012-02-13,Afternoon,759
2012-02-13,Evening,1289
2012-02-13,Morning,1067
2012-02-13,Night,307
2012-02-14,Afternoon,880
2012-02-14,Evening,1394
2012-02-14,Morning,1377
2012-02-14,Night,271
2012-02-15,Afternoon,869
2012-02-15,Evening,1477
2012-02-15,Morning,1445
2012-02-15,Night,378
2012-02-16,Afternoon,311
2012-02-16,Evening,1116
2012-02-16,Morning,1210
2012-02-16,Night,368
2012-02-17,Afternoon,1101
2012-02-17,Evening,1295
2012-02-17,Morning,1374
2012-02-17,Night,384
2012-02-18,Afternoon,2083
2012-02-18,Evening,946
2012-02-18,Morning,782
2012-02-18,Night,507
2012-02-19,Afternoon,1218
2012-02-19,Evening,546
2012-02-19,Morning,587
2012-02-19,Night,338
2012-02-20,Afternoon,1425
2012-02-20,Evening,793
2012-02-20,Morning,641
2012-02-20,Night,270
2012-02-21,Afternoon,832
2012-02-21,Evening,1388
2012-02-21,Morning,1232
2012-02-21,Night,325
2012-02-22,Afternoon,1067
2012-02-22,Evening,1655
2012-02-22,Morning,1560
2012-02-22,Night,491
2012-02-23,Afternoon,1194
2012-02-23,Evening,1770
2012-02-23,Morning,1581
2012-02-23,Night,517
2012-02-24,Afternoon,714
2012-02-24,Evening,956
2012-02-24,Morning,1397
2012-02-24,Night,420
2012-02-25,Afternoon,1127
2012-02-25,Evening,546
2012-02-25,Morning,647
2012-02-25,Night,412
2012-02-26,Afternoon,1653
2012-02-26,Evening,734
2012-02-26,Morning,590
2012-02-26,Night,412
2012-02-27,Afternoon,977
2012-02-27,Evening,1609
2012-02-27,Morning,1351
2012-02-27,Night,385
2012-02-28,Afternoon,960
2012-02-28,Evening,1489
2012-02-28,Morning,1533
2012-02-28,Night,381
2012-02-29,Afternoon,459
2012-02-29,Evening,644
2012-02-29,Morning,560
2012-02-29,Night,171
2012-03-01,Afternoon,1226
2012-03-01,Evening,1707
2012-03-01,Morning,1612
2012-03-01,Night,445
2012-03-02,Afternoon,789
2012-03-02,Evening,562
2012-03-02,Morning,1567
2012-03-02,Night,276
2012-03-03,Afternoon,1934
2012-03-03,Evening,1062
2012-03-03,Morning,549
2012-03-03,Night,521
2012-03-04,Afternoon,1656
2012-03-04,Evening,667
2012-03-04,Morning,665
2012-03-04,Night,435
2012-03-05,Afternoon,725
2012-03-05,Evening,1167
2012-03-05,Morning,1183
2012-03-05,Night,258
2012-03-06,Afternoon,854
2012-03-06,Evening,1377
2012-03-06,Morning,1395
2012-03-06,Night,330
2012-03-07,Afternoon,1092
2012-03-07,Evening,1777
2012-03-07,Morning,1608
2012-03-07,Night,439
2012-03-08,Afternoon,1214
2012-03-08,Evening,1905
2012-03-08,Morning,1700
2012-03-08,Night,563
2012-03-09,Afternoon,1184
2012-03-09,Evening,1439
2012-03-09,Morning,1513
2012-03-09,Night,433
2012-03-10,Afternoon,1861
2012-03-10,Evening,956
2012-03-10,Morning,818
2012-03-10,Night,483
2012-03-11,Afternoon,2371
2012-03-11,Evening,1316
2012-03-11,Morning,713
2012-03-11,Night,511
2012-03-12,Afternoon,1257
2012-03-12,Evening,2088
2012-03-12,Morning,1504
2012-03-12,Night,449
2012-03-13,Afternoon,1318
2012-03-13,Evening,2240
2012-03-13,Morning,1742
2012-03-13,Night,547
2012-03-14,Afternoon,1384
2012-03-14,Evening,2333
2012-03-14,Morning,1937
2012-03-14,Night,658
2012-03-15,Afternoon,1509
2012-03-15,Evening,2214
2012-03-15,Morning,1837
2012-03-15,Night,632
2012-03-16,Afternoon,992
2012-03-16,Evening,1197
2012-03-16,Morning,1670
2012-03-16,Night,519
2012-03-17,Afternoon,3391
2012-03-17,Evening,1896
2012-03-17,Morning,1691
2012-03-17,Night,858
2012-03-18,Afternoon,2663
2012-03-18,Evening,1550
2012-03-18,Morning,1052
2012-03-18,Night,627
2012-03-19,Afternoon,1476
2012-03-19,Evening,2401
2012-03-19,Morning,1800
2012-03-19,Night,476
2012-03-20,Afternoon,1468
2012-03-20,Evening,2483
2012-03-20,Morning,1524
2012-03-20,Night,618
2012-03-21,Afternoon,1378
2012-03-21,Evening,2464
2012-03-21,Morning,1734
2012-03-21,Night,654
2012-03-22,Afternoon,1556
2012-03-22,Evening,2621
2012-03-22,Morning,1859
2012-03-22,Night,835
2012-03-23,Afternoon,2392
2012-03-23,Evening,2918
2012-03-23,Morning,2131
2012-03-23,Night,921
2012-03-24,Afternoon,1069
2012-03-24,Evening,496
2012-03-24,Morning,1123
2012-03-24,Night,684
2012-03-25,Afternoon,2054
2012-03-25,Evening,1544
2012-03-25,Morning,843
2012-03-25,Night,555
2012-03-26,Afternoon,1325
2012-03-26,Evening,2027
2012-03-26,Morning,1793
2012-03-26,Night,413
2012-03-27,Afternoon,1120
2012-03-27,Evening,1969
2012-03-27,Morning,1565
2012-03-27,Night,448
2012-03-28,Afternoon,1182
2012-03-28,Evening,2063
2012-03-28,Morning,1880
2012-03-28,Night,573
2012-03-29,Afternoon,1498
2012-03-29,Evening,2187
2012-03-29,Morning,1877
2012-03-29,Night,571
2012-03-30,Afternoon,1388
2012-03-30,Evening,1770
2012-03-30,Morning,1703
2012-03-30,Night,598
2012-03-31,Afternoon,2950
2012-03-31,Evening,1376
2012-03-31,Morning,1216
2012-03-31,Night,693
2012-04-01,Afternoon,2554
2012-04-01,Evening,1565
2012-04-01,Morning,1410
2012-04-01,Night,512
2012-04-02,Afternoon,1549
2012-04-02,Evening,2170
2012-04-02,Morning,1759
2012-04-02,Night,458
2012-04-03,Afternoon,1788
2012-04-03,Evening,2494
2012-04-03,Morning,1957
2012-04-03,Night,533
2012-04-04,Afternoon,1450
2012-04-04,Evening,2369
2012-04-04,Morning,1946
2012-04-04,Night,671
2012-04-05,Afternoon,1525
2012-04-05,Evening,2319
2012-04-05,Morning,2012
2012-04-05,Night,601
2012-04-06,Afternoon,2311
2012-04-06,Evening,1803
2012-04-06,Morning,1762
2012-04-06,Night,584
2012-04-07,Afternoon,3052
2012-04-07,Evening,1705
2012-04-07,Morning,1332
2012-04-07,Night,768
2012-04-08,Afternoon,2405
2012-04-08,Evening,1208
2012-04-08,Morning,1043
2012-04-08,Night,513
2012-04-09,Afternoon,1425
2012-04-09,Evening,1975
2012-04-09,Morning,1778
2012-04-09,Night,407
2012-04-10,Afternoon,1331
2012-04-10,Evening,2209
2012-04-10,Morning,1942
2012-04-10,Night,436
2012-04-11,Afternoon,989
2012-04-11,Evening,1783
2012-04-11,Morning,1684
2012-04-11,Night,406
2012-04-12,Afternoon,1250
2012-04-12,Evening,1979
2012-04-12,Morning,1699
2012-04-12,Night,481
2012-04-13,Afternoon,1843
2012-04-13,Evening,2122
2012-04-13,Morning,1719
2012-04-13,Night,714
2012-04-14,Afternoon,3256
2012-04-14,Evening,1821
2012-04-14,Morning,1487
2012-04-14,Night,896
2012-04-15,Afternoon,3177
2012-04-15,Evening,1772
2012-04-15,Morning,1369
2012-04-15,Night,814
2012-04-16,Afternoon,1455
2012-04-16,Evening,2285
2012-04-16,Morning,1927
2012-04-16,Night,703
2012-04-17,Afternoon,1418
2012-04-17,Evening,2495
2012-04-17,Morning,2164
2012-04-17,Night,614
2012-04-18,Afternoon,558
2012-04-18,Evening,1621
2012-04-18,Morning,1693
2012-04-18,Night,495
2012-04-19,Afternoon,1388
2012-04-19,Evening,2514
2012-04-19,Morning,1952
2012-04-19,Night,711
2012-04-20,Afternoon,2124
2012-04-20,Evening,2320
2012-04-20,Morning,2047
2012-04-20,Night,799
2012-04-21,Afternoon,3165
2012-04-21,Evening,1077
2012-04-21,Morning,1730
2012-04-21,Night,652
2012-04-22,Afternoon,240
2012-04-22,Evening,136
2012-04-22,Morning,317
2012-04-22,Night,334
2012-04-23,Afternoon,565
2012-04-23,Evening,1112
2012-04-23,Morning,1221
2012-04-23,Night,316
2012-04-24,Afternoon,1262
2012-04-24,Evening,2090
2012-04-24,Morning,1797
2012-04-24,Night,484
2012-04-25,Afternoon,1325
2012-04-25,Evening,2364
2012-04-25,Morning,1895
2012-04-25,Night,612
2012-04-26,Afternoon,1092
2012-04-26,Evening,2079
2012-04-26,Morning,1222
2012-04-26,Night,633
2012-04-27,Afternoon,1677
2012-04-27,Evening,2086
2012-04-27,Morning,1849
2012-04-27,Night,621
2012-04-28,Afternoon,1994
2012-04-28,Evening,653
2012-04-28,Morning,1109
2012-04-28,Night,464
2012-04-29,Afternoon,3022
2012-04-29,Evening,1627
2012-04-29,Morning,1123
2012-04-29,Night,532
2012-04-30,Afternoon,1268
2012-04-30,Evening,2127
2012-04-30,Morning,1676
2012-04-30,Night,501
2012-05-01,Afternoon,1310
2012-05-01,Evening,2246
2012-05-01,Morning,1521
2012-05-01,Night,663
2012-05-02,Afternoon,1336
2012-05-02,Evening,2384
2012-05-02,Morning,1851
2012-05-02,Night,598
2012-05-03,Afternoon,1423
2012-05-03,Evening,2352
2012-05-03,Morning,1841
2012-05-03,Night,805
2012-05-04,Afternoon,1474
2012-05-04,Evening,2049
2012-05-04,Morning,1884
2012-05-04,Night,889
2012-05-05,Afternoon,2583
2012-05-05,Evening,1650
2012-05-05,Morning,1639
2012-05-05,Night,1011
2012-05-06,Afternoon,2756
2012-05-06,Evening,1633
2012-05-06,Morning,1116
2012-05-06,Night,854
2012-05-07,Afternoon,1424
2012-05-07,Evening,2318
2012-05-07,Morning,1942
2012-05-07,Night,589
2012-05-08,Afternoon,1076
2012-05-08,Evening,2187
2012-05-08,Morning,1958
2012-05-08,Night,507
2012-05-09,Afternoon,1405
2012-05-09,Evening,1226
2012-05-09,Morning,1873
2012-05-09,Night,213
2012-05-10,Afternoon,1529
2012-05-10,Evening,2429
2012-05-10,Morning,1965
2012-05-10,Night,649
2012-05-11,Afternoon,2009
2012-05-11,Evening,2219
2012-05-11,Morning,1955
2012-05-11,Night,847
2012-05-12,Afternoon,3014
2012-05-12,Evening,1848
2012-05-12,Morning,1559
2012-05-12,Night,1008
2012-05-13,Afternoon,2748
2012-05-13,Evening,1436
2012-05-13,Morning,1249
2012-05-13,Night,685
2012-05-14,Afternoon,839
2012-05-14,Evening,1022
2012-05-14,Morning,570
2012-05-14,Night,412
2012-05-15,Afternoon,1317
2012-05-15,Evening,2186
2012-05-15,Morning,1283
2012-05-15,Night,329
2012-05-16,Afternoon,1663
2012-05-16,Evening,2768
2012-05-16,Morning,2092
2012-05-16,Night,901
2012-05-17,Afternoon,1691
2012-05-17,Evening,2703
2012-05-17,Morning,2132
2012-05-17,Night,858
2012-05-18,Afternoon,2064
2012-05-18,Evening,2301
2012-05-18,Morning,2426
2012-05-18,Night,848
2012-05-19,Afternoon,3390
2012-05-19,Evening,2018
2012-05-19,Morning,1682
2012-05-19,Night,1204
2012-05-20,Afternoon,2866
2012-05-20,Evening,1699
2012-05-20,Morning,1620
2012-05-20,Night,944
2012-05-21,Afternoon,1074
2012-05-21,Evening,1822
2012-05-21,Morning,908
2012-05-21,Night,555
2012-05-22,Afternoon,1350
2012-05-22,Evening,2307
2012-05-22,Morning,1790
2012-05-22,Night,626
2012-05-23,Afternoon,1301
2012-05-23,Evening,1283
2012-05-23,Morning,2067
2012-05-23,Night,609
2012-05-24,Afternoon,1524
2012-05-24,Evening,2440
2012-05-24,Morning,2000
2012-05-24,Night,806
2012-05-25,Afternoon,2071
2012-05-25,Evening,1929
2012-05-25,Morning,1940
2012-05-25,Night,794
2012-05-26,Afternoon,2649
2012-05-26,Evening,1505
2012-05-26,Morning,1482
2012-05-26,Night,900
2012-05-27,Afternoon,2651
2012-05-27,Evening,1874
2012-05-27,Morning,1445
2012-05-27,Night,621
2012-05-28,Afternoon,2507
2012-05-28,Evening,1500
2012-05-28,Morning,1354
2012-05-28,Night,682
2012-05-29,Afternoon,1363
2012-05-29,Evening,2221
2012-05-29,Morning,1908
2012-05-29,Night,251
2012-05-30,Afternoon,1467
2012-05-30,Evening,2622
2012-05-30,Morning,2029
2012-05-30,Night,737
2012-05-31,Afternoon,1616
2012-05-31,Evening,2682
2012-05-31,Morning,2160
2012-05-31,Night,880
2012-06-01,Afternoon,1360
2012-06-01,Evening,421
2012-06-01,Morning,2019
2012-06-01,Night,327
2012-06-02,Afternoon,3340
2012-06-02,Evening,2051
2012-06-02,Morning,1705
2012-06-02,Night,1024
2012-06-03,Afternoon,3354
2012-06-03,Evening,1841
2012-06-03,Morning,1424
2012-06-03,Night,1022
2012-06-04,Afternoon,1566
2012-06-04,Evening,2762
2012-06-04,Morning,2064
2012-06-04,Night,606
2012-06-05,Afternoon,1535
2012-06-05,Evening,2568
2012-06-05,Morning,2237
2012-06-05,Night,661
2012-06-06,Afternoon,1672
2012-06-06,Evening,2452
2012-06-06,Morning,2157
2012-06-06,Night,774
2012-06-07,Afternoon,1715
2012-06-07,Evening,2762
2012-06-07,Morning,2195
2012-06-07,Night,822
2012-06-08,Afternoon,2078
2012-06-08,Evening,2479
2012-06-08,Morning,2191
2012-06-08,Night,988
2012-06-09,Afternoon,2798
2012-06-09,Evening,1669
2012-06-09,Morning,1805
2012-06-09,Night,1226
2012-06-10,Afternoon,2477
2012-06-10,Evening,1749
2012-06-10,Morning,1464
2012-06-10,Night,908
2012-06-11,Afternoon,1454
2012-06-11,Evening,2621
2012-06-11,Morning,2000
2012-06-11,Night,589
2012-06-12,Afternoon,569
2012-06-12,Evening,2211
2012-06-12,Morning,1556
2012-06-12,Night,636
2012-06-13,Afternoon,1582
2012-06-13,Evening,2720
2012-06-13,Morning,2248
2012-06-13,Night,871
2012-06-14,Afternoon,1609
2012-06-14,Evening,2704
2012-06-14,Morning,2210
2012-06-14,Night,840
2012-06-15,Afternoon,2107
2012-06-15,Evening,2368
2012-06-15,Morning,2135
2012-06-15,Night,1055
2012-06-16,Afternoon,2918
2012-06-16,Evening,1977
2012-06-16,Morning,1720
2012-06-16,Night,1087
2012-06-17,Afternoon,2854
2012-06-17,Evening,1798
2012-06-17,Morning,1463
2012-06-17,Night,863
2012-06-18,Afternoon,1181
2012-06-18,Evening,2190
2012-06-18,Morning,1141
2012-06-18,Night,587
2012-06-19,Afternoon,1384
2012-06-19,Evening,2578
2012-06-19,Morning,2089
2012-06-19,Night,774
2012-06-20,Afternoon,1095
2012-06-20,Evening,2309
2012-06-20,Morning,1982
2012-06-20,Night,825
2012-06-21,Afternoon,1077
2012-06-21,Evening,2190
2012-06-21,Morning,1810
2012-06-21,Night,828
2012-06-22,Afternoon,1481
2012-06-22,Evening,1715
2012-06-22,Morning,1886
2012-06-22,Night,741
2012-06-23,Afternoon,2771
2012-06-23,Evening,1822
2012-06-23,Morning,1646
2012-06-23,Night,1219
2012-06-24,Afternoon,2640
2012-06-24,Evening,1821
2012-06-24,Morning,1435
2012-06-24,Night,995
2012-06-25,Afternoon,1428
2012-06-25,Evening,2681
2012-06-25,Morning,1927
2012-06-25,Night,743
2012-06-26,Afternoon,1614
2012-06-26,Evening,2841
2012-06-26,Morning,2188
2012-06-26,Night,799
2012-06-27,Afternoon,1554
2012-06-27,Evening,2735
2012-06-27,Morning,2113
2012-06-27,Night,933
2012-06-28,Afternoon,1372
2012-06-28,Evening,2443
2012-06-28,Morning,2111
2012-06-28,Night,953
2012-06-29,Afternoon,1279
2012-06-29,Evening,1674
2012-06-29,Morning,1871
2012-06-29,Night,639
2012-06-30,Afternoon,2085
2012-06-30,Evening,1367
2012-06-30,Morning,1469
2012-06-30,Night,766
2012-07-01,Afternoon,1955
2012-07-01,Evening,1497
2012-07-01,Morning,1191
2012-07-01,Night,888
2012-07-02,Afternoon,1322
2012-07-02,Evening,2453
2012-07-02,Morning,1812
2012-07-02,Night,640
2012-07-03,Afternoon,1793
2012-07-03,Evening,2222
2012-07-03,Morning,2016
2012-07-03,Night,629
2012-07-04,Afternoon,2383
2012-07-04,Evening,1827
2012-07-04,Morning,1501
2012-07-04,Night,1692
2012-07-05,Afternoon,1514
2012-07-05,Evening,2120
2012-07-05,Morning,1778
2012-07-05,Night,829
2012-07-06,Afternoon,1553
2012-07-06,Evening,1890
2012-07-06,Morning,1851
2012-07-06,Night,913
2012-07-07,Afternoon,1610
2012-07-07,Evening,1119
2012-07-07,Morning,1216
2012-07-07,Night,895
2012-07-08,Afternoon,1614
2012-07-08,Evening,1058
2012-07-08,Morning,1159
2012-07-08,Night,841
2012-07-09,Afternoon,1456
2012-07-09,Evening,2799
2012-07-09,Morning,1559
2012-07-09,Night,755
2012-07-10,Afternoon,1494
2012-07-10,Evening,2189
2012-07-10,Morning,2168
2012-07-10,Night,439
2012-07-11,Afternoon,1493
2012-07-11,Evening,2760
2012-07-11,Morning,2149
2012-07-11,Night,862
2012-07-12,Afternoon,1488
2012-07-12,Evening,2763
2012-07-12,Morning,2192
2012-07-12,Night,1003
2012-07-13,Afternoon,1967
2012-07-13,Evening,2343
2012-07-13,Morning,2224
2012-07-13,Night,965
2012-07-14,Afternoon,2848
2012-07-14,Evening,1596
2012-07-14,Morning,1361
2012-07-14,Night,1164
2012-07-15,Afternoon,2429
2012-07-15,Evening,1354
2012-07-15,Morning,1258
2012-07-15,Night,990
2012-07-16,Afternoon,1311
2012-07-16,Evening,2598
2012-07-16,Morning,2056
2012-07-16,Night,865
2012-07-17,Afternoon,1314
2012-07-17,Evening,2516
2012-07-17,Morning,2123
2012-07-17,Night,833
2012-07-18,Afternoon,993
2012-07-18,Evening,1895
2012-07-18,Morning,2000
2012-07-18,Night,825
2012-07-19,Afternoon,1375
2012-07-19,Evening,2586
2012-07-19,Morning,2054
2012-07-19,Night,576
2012-07-20,Afternoon,1311
2012-07-20,Evening,1990
2012-07-20,Morning,2037
2012-07-20,Night,532
2012-07-21,Afternoon,1860
2012-07-21,Evening,870
2012-07-21,Morning,961
2012-07-21,Night,768
2012-07-22,Afternoon,2998
2012-07-22,Evening,1971
2012-07-22,Morning,1358
2012-07-22,Night,1083
2012-07-23,Afternoon,1563
2012-07-23,Evening,2573
2012-07-23,Morning,2110
2012-07-23,Night,720
2012-07-24,Afternoon,1486
2012-07-24,Evening,2901
2012-07-24,Morning,2257
2012-07-24,Night,948
2012-07-25,Afternoon,1670
2012-07-25,Evening,3069
2012-07-25,Morning,2398
2012-07-25,Night,1036
2012-07-26,Afternoon,1346
2012-07-26,Evening,2486
2012-07-26,Morning,2225
2012-07-26,Night,804
2012-07-27,Afternoon,1761
2012-07-27,Evening,2191
2012-07-27,Morning,2107
2012-07-27,Night,845
2012-07-28,Afternoon,2463
2012-07-28,Evening,1531
2012-07-28,Morning,1492
2012-07-28,Night,1199
2012-07-29,Afternoon,2538
2012-07-29,Evening,1696
2012-07-29,Morning,1318
2012-07-29,Night,1045
2012-07-30,Afternoon,1419
2012-07-30,Evening,2766
2012-07-30,Morning,2125
2012-07-30,Night,795
2012-07-31,Afternoon,1342
2012-07-31,Evening,2743
2012-07-31,Morning,2296
2012-07-31,Night,835
2012-08-01,Afternoon,1601
2012-08-01,Evening,2893
2012-08-01,Morning,2222
2012-08-01,Night,864
2012-08-02,Afternoon,1497
2012-08-02,Evening,2666
2012-08-02,Morning,2186
2012-08-02,Night,912
2012-08-03,Afternoon,1886
2012-08-03,Evening,2270
2012-08-03,Morning,2197
2012-08-03,Night,822
2012-08-04,Afternoon,2485
2012-08-04,Evening,1691
2012-08-04,Morning,1458
2012-08-04,Night,1190
2012-08-05,Afternoon,2411
2012-08-05,Evening,989
2012-08-05,Morning,1244
2012-08-05,Night,820
2012-08-06,Afternoon,1586
2012-08-06,Evening,2798
2012-08-06,Morning,1927
2012-08-06,Night,702
2012-08-07,Afternoon,1548
2012-08-07,Evening,2740
2012-08-07,Morning,2213
2012-08-07,Night,772
2012-08-08,Afternoon,1548
2012-08-08,Evening,2906
2012-08-08,Morning,2229
2012-08-08,Night,851
2012-08-09,Afternoon,1489
2012-08-09,Evening,2722
2012-08-09,Morning,2199
2012-08-09,Night,876
2012-08-10,Afternoon,1703
2012-08-10,Evening,2232
2012-08-10,Morning,993
2012-08-10,Night,858
2012-08-11,Afternoon,2746
2012-08-11,Evening,1247
2012-08-11,Morning,1435
2012-08-11,Night,871
2012-08-12,Afternoon,2717
2012-08-12,Evening,1761
2012-08-12,Morning,1178
2012-08-12,Night,888
2012-08-13,Afternoon,1516
2012-08-13,Evening,2617
2012-08-13,Morning,2053
2012-08-13,Night,697
2012-08-14,Afternoon,1582
2012-08-14,Evening,2729
2012-08-14,Morning,1703
2012-08-14,Night,770
2012-08-15,Afternoon,1553
2012-08-15,Evening,2775
2012-08-15,Morning,2220
2012-08-15,Night,799
2012-08-16,Afternoon,1570
2012-08-16,Evening,2920
2012-08-16,Morning,2158
2012-08-16,Night,957
2012-08-17,Afternoon,1921
2012-08-17,Evening,2310
2012-08-17,Morning,2152
2012-08-17,Night,765
2012-08-18,Afternoon,3133
2012-08-18,Evening,2018
2012-08-18,Morning,1597
2012-08-18,Night,1117
2012-08-19,Afternoon,1241
2012-08-19,Evening,1335
2012-08-19,Morning,1163
2012-08-19,Night,810
2012-08-20,Afternoon,1617
2012-08-20,Evening,2268
2012-08-20,Morning,2086
2012-08-20,Night,559
2012-08-21,Afternoon,1707
2012-08-21,Evening,2337
2012-08-21,Morning,2207
2012-08-21,Night,755
2012-08-22,Afternoon,1670
2012-08-22,Evening,2437
2012-08-22,Morning,2388
2012-08-22,Night,880
2012-08-23,Afternoon,1753
2012-08-23,Evening,2868
2012-08-23,Morning,2340
2012-08-23,Night,804
2012-08-24,Afternoon,1925
2012-08-24,Evening,2447
2012-08-24,Morning,2290
2012-08-24,Night,920
2012-08-25,Afternoon,2250
2012-08-25,Evening,1381
2012-08-25,Morning,1495
2012-08-25,Night,927
2012-08-26,Afternoon,2108
2012-08-26,Evening,1000
2012-08-26,Morning,1334
2012-08-26,Night,813
2012-08-27,Afternoon,1543
2012-08-27,Evening,2668
2012-08-27,Morning,2090
2012-08-27,Night,616
2012-08-28,Afternoon,1633
2012-08-28,Evening,2714
2012-08-28,Morning,1968
2012-08-28,Night,725
2012-08-29,Afternoon,1792
2012-08-29,Evening,2752
2012-08-29,Morning,2362
2012-08-29,Night,791
2012-08-30,Afternoon,1677
2012-08-30,Evening,2778
2012-08-30,Morning,2390
2012-08-30,Night,868
2012-08-31,Afternoon,2268
2012-08-31,Evening,1971
2012-08-31,Morning,2211
2012-08-31,Night,900
2012-09-01,Afternoon,2514
2012-09-01,Evening,1504
2012-09-01,Morning,1432
2012-09-01,Night,690
2012-09-02,Afternoon,2324
2012-09-02,Evening,1399
2012-09-02,Morning,1307
2012-09-02,Night,780
2012-09-03,Afternoon,2570
2012-09-03,Evening,1615
2012-09-03,Morning,1236
2012-09-03,Night,613
2012-09-04,Afternoon,1586
2012-09-04,Evening,2632
2012-09-04,Morning,2028
2012-09-04,Night,618
2012-09-05,Afternoon,1386
2012-09-05,Evening,2776
2012-09-05,Morning,2217
2012-09-05,Night,733
2012-09-06,Afternoon,1230
2012-09-06,Evening,2607
2012-09-06,Morning,1600
2012-09-06,Night,766
2012-09-07,Afternoon,1731
2012-09-07,Evening,2523
2012-09-07,Morning,2249
2012-09-07,Night,1001
2012-09-08,Afternoon,2614
2012-09-08,Evening,747
2012-09-08,Morning,1709
2012-09-08,Night,906
2012-09-09,Afternoon,3530
2012-09-09,Evening,2083
2012-09-09,Morning,1709
2012-09-09,Night,905
2012-09-10,Afternoon,1829
2012-09-10,Evening,2862
2012-09-10,Morning,2204
2012-09-10,Night,630
2012-09-11,Afternoon,1761
2012-09-11,Evening,2904
2012-09-11,Morning,2402
2012-09-11,Night,700
2012-09-12,Afternoon,1780
2012-09-12,Evening,3007
2012-09-12,Morning,2345
2012-09-12,Night,738
2012-09-13,Afternoon,1697
2012-09-13,Evening,2873
2012-09-13,Morning,2385
2012-09-13,Night,849
2012-09-14,Afternoon,2118
2012-09-14,Evening,2685
2012-09-14,Morning,2286
2012-09-14,Night,920
2012-09-15,Afternoon,3562
2012-09-15,Evening,2151
2012-09-15,Morning,1745
2012-09-15,Night,1256
2012-09-16,Afternoon,3138
2012-09-16,Evening,1778
2012-09-16,Morning,1592
2012-09-16,Night,825
2012-09-17,Afternoon,1761
2012-09-17,Evening,2442
2012-09-17,Morning,2137
2012-09-17,Night,529
2012-09-18,Afternoon,522
2012-09-18,Evening,1233
2012-09-18,Morning,1847
2012-09-18,Night,471
2012-09-19,Afternoon,1665
2012-09-19,Evening,2798
2012-09-19,Morning,2371
2012-09-19,Night,757
2012-09-20,Afternoon,1672
2012-09-20,Evening,2896
2012-09-20,Morning,2338
2012-09-20,Night,814
2012-09-21,Afternoon,2212
2012-09-21,Evening,2608
2012-09-21,Morning,2403
2012-09-21,Night,944
2012-09-22,Afternoon,3479
2012-09-22,Evening,1976
2012-09-22,Morning,1830
2012-09-22,Night,1110
2012-09-23,Afternoon,3475
2012-09-23,Evening,1928
2012-09-23,Morning,1589
2012-09-23,Night,915
2012-09-24,Afternoon,1789
2012-09-24,Evening,2773
2012-09-24,Morning,2249
2012-09-24,Night,625
2012-09-25,Afternoon,1698
2012-09-25,Evening,2753
2012-09-25,Morning,2399
2012-09-25,Night,688
2012-09-26,Afternoon,1701
2012-09-26,Evening,2898
2012-09-26,Morning,2334
2012-09-26,Night,800
2012-09-27,Afternoon,1687
2012-09-27,Evening,2820
2012-09-27,Morning,2424
2012-09-27,Night,462
2012-09-28,Afternoon,2083
2012-09-28,Evening,2319
2012-09-28,Morning,2307
2012-09-28,Night,706
2012-09-29,Afternoon,3567
2012-09-29,Evening,2091
2012-09-29,Morning,1803
2012-09-29,Night,1094
2012-09-30,Afternoon,3183
2012-09-30,Evening,1427
2012-09-30,Morning,1588
2012-09-30,Night,691
2012-10-01,Afternoon,1660
2012-10-01,Evening,2247
2012-10-01,Morning,2249
2012-10-01,Night,622
2012-10-02,Afternoon,1004
2012-10-02,Evening,2103
2012-10-02,Morning,846
2012-10-02,Night,686
2012-10-03,Afternoon,1685
2012-10-03,Evening,2817
2012-10-03,Morning,2302
2012-10-03,Night,768
2012-10-04,Afternoon,1671
2012-10-04,Evening,2763
2012-10-04,Morning,2051
2012-10-04,Night,843
2012-10-05,Afternoon,2396
2012-10-05,Evening,2533
2012-10-05,Morning,2339
2012-10-05,Night,888
2012-10-06,Afternoon,3308
2012-10-06,Evening,1693
2012-10-06,Morning,1911
2012-10-06,Night,1053
2012-10-07,Afternoon,1665
2012-10-07,Evening,493
2012-10-07,Morning,737
2012-10-07,Night,615
2012-10-08,Afternoon,1913
2012-10-08,Evening,1551
2012-10-08,Morning,1567
2012-10-08,Night,447
2012-10-09,Afternoon,1420
2012-10-09,Evening,2464
2012-10-09,Morning,1976
2012-10-09,Night,532
2012-10-10,Afternoon,1843
2012-10-10,Evening,2750
2012-10-10,Morning,2435
2012-10-10,Night,663
2012-10-11,Afternoon,1906
2012-10-11,Evening,2677
2012-10-11,Morning,2287
2012-10-11,Night,700
2012-10-12,Afternoon,2114
2012-10-12,Evening,2280
2012-10-12,Morning,2303
2012-10-12,Night,585
2012-10-13,Afternoon,3092
2012-10-13,Evening,1588
2012-10-13,Morning,1423
2012-10-13,Night,1006
2012-10-14,Afternoon,2947
2012-10-14,Evening,1574
2012-10-14,Morning,1363
2012-10-14,Night,755
2012-10-15,Afternoon,1322
2012-10-15,Evening,1853
2012-10-15,Morning,2190
2012-10-15,Night,510
2012-10-16,Afternoon,1753
2012-10-16,Evening,2744
2012-10-16,Morning,2389
2012-10-16,Night,648
2012-10-17,Afternoon,1679
2012-10-17,Evening,2702
2012-10-17,Morning,2344
2012-10-17,Night,736
2012-10-18,Afternoon,1797
2012-10-18,Evening,2578
2012-10-18,Morning,2410
2012-10-18,Night,724
2012-10-19,Afternoon,2032
2012-10-19,Evening,1119
2012-10-19,Morning,1653
2012-10-19,Night,620
2012-10-20,Afternoon,3530
2012-10-20,Evening,1856
2012-10-20,Morning,1700
2012-10-20,Night,1004
2012-10-21,Afternoon,3155
2012-10-21,Evening,1365
2012-10-21,Morning,1494
2012-10-21,Night,810
2012-10-22,Afternoon,1700
2012-10-22,Evening,2625
2012-10-22,Morning,2153
2012-10-22,Night,580
2012-10-23,Afternoon,1864
2012-10-23,Evening,2625
2012-10-23,Morning,2308
2012-10-23,Night,669
2012-10-24,Afternoon,1763
2012-10-24,Evening,2834
2012-10-24,Morning,2333
2012-10-24,Night,763
2012-10-25,Afternoon,1721
2012-10-25,Evening,2584
2012-10-25,Morning,2306
2012-10-25,Night,748
2012-10-26,Afternoon,2110
2012-10-26,Evening,2264
2012-10-26,Morning,2239
2012-10-26,Night,831
2012-10-27,Afternoon,3501
2012-10-27,Evening,1670
2012-10-27,Morning,1731
2012-10-27,Night,950
2012-10-28,Afternoon,1878
2012-10-28,Evening,488
2012-10-28,Morning,1531
2012-10-28,Night,562
2012-10-29,Afternoon,0
2012-10-29,Evening,0
2012-10-29,Morning,0
2012-10-29,Night,22
2012-10-30,Afternoon,464
2012-10-30,Evening,463
2012-10-30,Morning,0
2012-10-30,Night,169
2012-10-31,Afternoon,1332
2012-10-31,Evening,1985
2012-10-31,Morning,1752
2012-10-31,Night,497
2012-11-01,Afternoon,1212
2012-11-01,Evening,2115
2012-11-01,Morning,1935
2012-11-01,Night,724
2012-11-02,Afternoon,1575
2012-11-02,Evening,1755
2012-11-02,Morning,1999
2012-11-02,Night,518
2012-11-03,Afternoon,2146
2012-11-03,Evening,1127
2012-11-03,Morning,1118
2012-11-03,Night,747
2012-11-04,Afternoon,2390
2012-11-04,Evening,932
2012-11-04,Morning,1242
2012-11-04,Night,543
2012-11-05,Afternoon,1253
2012-11-05,Evening,1793
2012-11-05,Morning,1836
2012-11-05,Night,377
2012-11-06,Afternoon,1440
2012-11-06,Evening,1723
2012-11-06,Morning,1974
2012-11-06,Night,549
2012-11-07,Afternoon,1025
2012-11-07,Evening,1557
2012-11-07,Morning,1758
2012-11-07,Night,695
2012-11-08,Afternoon,1217
2012-11-08,Evening,1717
2012-11-08,Morning,1857
2012-11-08,Night,524
2012-11-09,Afternoon,1625
2012-11-09,Evening,1766
2012-11-09,Morning,1967
2012-11-09,Night,634
2012-11-10,Afternoon,3056
2012-11-10,Evening,1335
2012-11-10,Morning,1318
2012-11-10,Night,827
2012-11-11,Afternoon,3302
2012-11-11,Evening,1375
2012-11-11,Morning,1400
2012-11-11,Night,775
2012-11-12,Afternoon,2099
2012-11-12,Evening,1804
2012-11-12,Morning,1929
2012-11-12,Night,437
2012-11-13,Afternoon,1144
2012-11-13,Evening,1746
2012-11-13,Morning,745
2012-11-13,Night,459
2012-11-14,Afternoon,1216
2012-11-14,Evening,1813
2012-11-14,Morning,1945
2012-11-14,Night,521
2012-11-15,Afternoon,1190
2012-11-15,Evening,1807
2012-11-15,Morning,1882
2012-11-15,Night,566
2012-11-16,Afternoon,1469
2012-11-16,Evening,1644
2012-11-16,Morning,2011
2012-11-16,Night,574
2012-11-17,Afternoon,2574
2012-11-17,Evening,1099
2012-11-17,Morning,1269
2012-11-17,Night,687
2012-11-18,Afternoon,2096
2012-11-18,Evening,895
2012-11-18,Morning,1080
2012-11-18,Night,598
2012-11-19,Afternoon,1347
2012-11-19,Evening,1864
2012-11-19,Morning,1833
2012-11-19,Night,455
2012-11-20,Afternoon,1486
2012-11-20,Evening,1759
2012-11-20,Morning,1972
2012-11-20,Night,417
2012-11-21,Afternoon,2040
2012-11-21,Evening,1064
2012-11-21,Morning,1732
2012-11-21,Night,310
2012-11-22,Afternoon,1161
2012-11-22,Evening,275
2012-11-22,Morning,748
2012-11-22,Night,241
2012-11-23,Afternoon,2042
2012-11-23,Evening,804
2012-11-23,Morning,765
2012-11-23,Night,299
2012-11-24,Afternoon,999
2012-11-24,Evening,412
2012-11-24,Morning,550
2012-11-24,Night,316
2012-11-25,Afternoon,1073
2012-11-25,Evening,568
2012-11-25,Morning,508
2012-11-25,Night,275
2012-11-26,Afternoon,1231
2012-11-26,Evening,1722
2012-11-26,Morning,1731
2012-11-26,Night,403
2012-11-27,Afternoon,659
2012-11-27,Evening,1591
2012-11-27,Morning,1314
2012-11-27,Night,395
2012-11-28,Afternoon,1102
2012-11-28,Evening,1755
2012-11-28,Morning,1905
2012-11-28,Night,498
2012-11-29,Afternoon,1237
2012-11-29,Evening,1694
2012-11-29,Morning,1844
2012-11-29,Night,548
2012-11-30,Afternoon,1482
2012-11-30,Evening,1713
2012-11-30,Morning,1927
2012-11-30,Night,546
2012-12-01,Afternoon,2361
2012-12-01,Evening,1064
2012-12-01,Morning,1088
2012-12-01,Night,678
2012-12-02,Afternoon,2284
2012-12-02,Evening,834
2012-12-02,Morning,968
2012-12-02,Night,563
2012-12-03,Afternoon,1559
2012-12-03,Evening,2171
2012-12-03,Morning,1980
2012-12-03,Night,524
2012-12-04,Afternoon,1589
2012-12-04,Evening,2240
2012-12-04,Morning,2121
2012-12-04,Night,656
2012-12-05,Afternoon,1326
2012-12-05,Evening,1921
2012-12-05,Morning,2031
2012-12-05,Night,451
2012-12-06,Afternoon,1293
2012-12-06,Evening,1782
2012-12-06,Morning,1803
2012-12-06,Night,497
2012-12-07,Afternoon,1353
2012-12-07,Evening,1659
2012-12-07,Morning,1436
2012-12-07,Night,560
2012-12-08,Afternoon,2623
2012-12-08,Evening,1077
2012-12-08,Morning,1037
2012-12-08,Night,845
2012-12-09,Afternoon,1310
2012-12-09,Evening,657
2012-12-09,Morning,678
2012-12-09,Night,583
2012-12-10,Afternoon,1184
2012-12-10,Evening,1907
2012-12-10,Morning,1579
2012-12-10,Night,500
2012-12-11,Afternoon,1312
2012-12-11,Evening,1837
2012-12-11,Morning,1924
2012-12-11,Night,428
2012-12-12,Afternoon,1252
2012-12-12,Evening,1771
2012-12-12,Morning,1815
2012-12-12,Night,481
2012-12-13,Afternoon,1481
2012-12-13,Evening,1605
2012-12-13,Morning,1892
2012-12-13,Night,554
2012-12-14,Afternoon,1611
2012-12-14,Evening,1617
2012-12-14,Morning,1835
2012-12-14,Night,548
2012-12-15,Afternoon,2195
2012-12-15,Evening,1039
2012-12-15,Morning,1067
2012-12-15,Night,746
2012-12-16,Afternoon,1821
2012-12-16,Evening,581
2012-12-16,Morning,814
2012-12-16,Night,570
2012-12-17,Afternoon,1136
2012-12-17,Evening,1542
2012-12-17,Morning,1630
2012-12-17,Night,277
2012-12-18,Afternoon,1455
2012-12-18,Evening,1718
2012-12-18,Morning,1950
2012-12-18,Night,434
2012-12-19,Afternoon,1238
2012-12-19,Evening,1708
2012-12-19,Morning,1865
2012-12-19,Night,456
2012-12-20,Afternoon,1194
2012-12-20,Evening,1024
2012-12-20,Morning,1770
2012-12-20,Night,140
2012-12-21,Afternoon,1227
2012-12-21,Evening,829
2012-12-21,Morning,1356
2012-12-21,Night,211
2012-12-22,Afternoon,765
2012-12-22,Evening,317
2012-12-22,Morning,434
2012-12-22,Night,233
2012-12-23,Afternoon,884
2012-12-23,Evening,317
2012-12-23,Morning,383
2012-12-23,Night,203
2012-12-24,Afternoon,317
2012-12-24,Evening,93
2012-12-24,Morning,434
2012-12-24,Night,76
2012-12-25,Afternoon,554
2012-12-25,Evening,169
2012-12-25,Morning,173
2012-12-25,Night,117
2012-12-26,Afternoon,71
2012-12-26,Evening,163
2012-12-26,Morning,145
2012-12-26,Night,62
2012-12-27,Afternoon,640
2012-12-27,Evening,662
2012-12-27,Morning,665
2012-12-27,Night,147
2012-12-28,Afternoon,1180
2012-12-28,Evening,709
2012-12-28,Morning,948
2012-12-28,Night,258
2012-12-29,Afternoon,506
2012-12-29,Evening,391
2012-12-29,Morning,207
2012-12-29,Night,237
2012-12-30,Afternoon,744
2012-12-30,Evening,422
2012-12-30,Morning,388
2012-12-30,Night,242
2012-12-31,Afternoon,1203
2012-12-31,Evening,494
2012-12-31,Morning,764
2012-12-31,Night,268
